insert into account values('A-101','Downtown',500);
insert into account values('A-102','Perryridge',400);
insert into account values('A-201','Brighton',900);
insert into account values('A-215','Mianus',700);
insert into account values('A-217','Brighton',750);
insert into account values('A-222','Redwood',700);
insert into account values('A-305','Round Hill',350);

insert into branch values('Brighton','Brooklyn',7100000);
insert into branch values('Downtown','Brooklyn',9000000);
insert into branch values('Mianus','Horseneck',400000);
insert into branch values('North Town','Rye',3700000);
insert into branch values('Perryridge','Horseneck',1700000);
insert into branch values('Pownal','Bennington',30000);
insert into branch values('Redwood','Palo Alto',2100000);
insert into branch values('Round Hill','Horseneck',8000000);

insert into customer  values('Adams','Spring','Pittsfield');
insert into customer  values('Books','Senator','Brooklyn');
insert into customer  values('Curry','North','Rye');
insert into customer  values('Glenn','Sand Hill','Woodside');
insert into customer  values('Green','walnut','Stamford');
insert into customer  values('Hayes','Main','Harrison');
insert into customer  values('Johnson','Alma','Palo Alto');
insert into customer  values('Jones','Main','Harrison');
insert into customer  values('Lindsay','Park','Pittsfield');
insert into customer  values('Smith','North','Rye');
insert into customer  values('Turner','Putnam','Stanford');
delete from customer where customer_name='Tumer';
insert into customer  values('Williams','Nassau','Princeton');

insert into loan   values('L-11','Round Hill',900);
insert into loan   values('L-14','Downtown',1500);
insert into loan   values('L-15','Perryridge',1500);
insert into loan   values('L-16','Perryridge',1300);
insert into loan   values('L-17','Downtown',1000);
insert into loan   values('L-23','Redwood',2000);
insert into loan   values('L-93','Mianus',500);

